{
    "name": "root",
    "metadata": {
        "timer_format_version": "0.1.0",
        "start_time_seconds": "1746998131",
        "python_version": "3.9.18 (main, Sep 11 2023, 14:09:26) [MSC v.1916 64 bit (AMD64)]",
        "command_line_arguments": "C:\\Users\\moham\\anaconda3\\envs\\ml-agent-omgeving\\Scripts\\mlagents-learn config/CubeAgent.yaml --run-id=CubeAgent --force",
        "mlagents_version": "0.30.0",
        "mlagents_envs_version": "0.30.0",
        "communication_protocol_version": "1.5.0",
        "pytorch_version": "1.7.1+cu110",
        "numpy_version": "1.21.2",
        "end_time_seconds": "1746998228"
    },
    "total": 96.64549679999999,
    "count": 1,
    "self": 0.018948199999996973,
    "children": {
        "run_training.setup": {
            "total": 0.26482700000000037,
            "count": 1,
            "self": 0.26482700000000037
        },
        "TrainerController.start_learning": {
            "total": 96.3617216,
            "count": 1,
            "self": 0.020173000000042407,
            "children": {
                "TrainerController._reset_env": {
                    "total": 13.974357499999998,
                    "count": 1,
                    "self": 13.974357499999998
                },
                "TrainerController.advance": {
                    "total": 82.12094119999995,
                    "count": 841,
                    "self": 0.01805479999981685,
                    "children": {
                        "env_step": {
                            "total": 80.47454550000008,
                            "count": 841,
                            "self": 79.13637400000019,
                            "children": {
                                "SubprocessEnvManager._take_step": {
                                    "total": 1.3259210999999276,
                                    "count": 841,
                                    "self": 0.06469849999995603,
                                    "children": {
                                        "TorchPolicy.evaluate": {
                                            "total": 1.2612225999999715,
                                            "count": 841,
                                            "self": 1.2612225999999715
                                        }
                                    }
                                },
                                "workers": {
                                    "total": 0.012250399999967243,
                                    "count": 840,
                                    "self": 0.0,
                                    "children": {
                                        "worker_root": {
                                            "total": 10.957381800000077,
                                            "count": 840,
                                            "is_parallel": true,
                                            "self": 4.094485600000127,
                                            "children": {
                                                "steps_from_proto": {
                                                    "total": 0.000926999999999012,
                                                    "count": 1,
                                                    "is_parallel": true,
                                                    "self": 0.0004322000000005488,
                                                    "children": {
                                                        "_process_rank_one_or_two_observation": {
                                                            "total": 0.0004947999999984631,
                                                            "count": 4,
                                                            "is_parallel": true,
                                                            "self": 0.0004947999999984631
                                                        }
                                                    }
                                                },
                                                "UnityEnvironment.step": {
                                                    "total": 6.861969199999951,
                                                    "count": 840,
                                                    "is_parallel": true,
                                                    "self": 0.08902799999992617,
                                                    "children": {
                                                        "UnityEnvironment._generate_step_input": {
                                                            "total": 0.09309960000003947,
                                                            "count": 840,
                                                            "is_parallel": true,
                                                            "self": 0.09309960000003947
                                                        },
                                                        "communicator.exchange": {
                                                            "total": 6.382621400000007,
                                                            "count": 840,
                                                            "is_parallel": true,
                                                            "self": 6.382621400000007
                                                        },
                                                        "steps_from_proto": {
                                                            "total": 0.2972201999999786,
                                                            "count": 840,
                                                            "is_parallel": true,
                                                            "self": 0.15082280000005532,
                                                            "children": {
                                                                "_process_rank_one_or_two_observation": {
                                                                    "total": 0.1463973999999233,
                                                                    "count": 3360,
                                                                    "is_parallel": true,
                                                                    "self": 0.1463973999999233
                                                                }
                                                            }
                                                        }
                                                    }
                                                }
                                            }
                                        }
                                    }
                                }
                            }
                        },
                        "trainer_advance": {
                            "total": 1.628340900000051,
                            "count": 840,
                            "self": 0.024406700000042747,
                            "children": {
                                "process_trajectory": {
                                    "total": 0.07361130000001026,
                                    "count": 840,
                                    "self": 0.07361130000001026
                                },
                                "_update_policy": {
                                    "total": 1.530322899999998,
                                    "count": 6,
                                    "self": 0.1974073000000125,
                                    "children": {
                                        "TorchPPOOptimizer.update": {
                                            "total": 1.3329155999999855,
                                            "count": 216,